<?xml version="1.0" encoding="UTF-8" standalone="yes"?>
<addon id="plugin.video.airtango" name="airtango Basketball" version="0.0.5" provider-name="MRLB">
	<requires>
		<import addon="xbmc.python" version="2.19.0" />
		<import addon="script.module.beautifulsoup4" version="4.3.2"/>
		<import addon="script.module.requests"/>
	</requires>
	<extension point="xbmc.python.pluginsource" library="default.py">
		<provides>video</provides>
	</extension>
	<extension point="xbmc.addon.metadata">
		<platform>all</platform>
		<license>GNU GENERAL PUBLIC LICENSE. Version 2, June 1991</license>
		<summary lang="de">airtango Basketball</summary>
		<description lang="de">airtango überträgt alle Spiele der zweiten deutschen Basketball-Bundesliga (Pro A) live</description>
		<assets>
            <icon>icon.png</icon>
            <fanart>fanart.jpg</fanart>
	</assets>
	<news>
		v0.0.5 (2018-10-14):
		- fixed error at "today live" section
		v0.0.4 (2018-09-30):
		- added full team names to "today live" section
		v0.0.3 (2018-09-23):
		- "today live" with all livematches from today as an extra menu item
		v0.0.2 (2018-09-22):
		- attach all other teams
		v0.0.1 (2018-09-22):
		- initial release with Baunach
	</news>
	</extension>
</addon>
